Month,Total Interest,Balance
0,0,100000.0
1,208.33333333333334,98433.59717278539
2,413.40332744330294,96863.93100634743
3,615.2031837065267,95290.99470206272
4,813.7260893358241,93714.78144714408
5,1008.9652173507076,92135.28441461103
6,1200.913726547814,90552.49676326019
7,1389.5647614712725,88966.41163763571
8,1574.9114523830135,87377.02216799952
9,1756.9469152330125,85784.32147030157
10,1935.6642516294742,84188.3026461501
11,2111.0565488089537,82588.95878278164
12,2283.1168796064153,80986.28295303117
13,2451.8383024252303,79380.26821530204
14,2617.2138612071094,77770.90761353598
15,2779.236585401976,76158.1941771829
16,2937.8994899377735,74542.12092117076
17,3093.1955751902124,72922.68084587526
18,3245.1178269524526,71299.86693708957
19,3393.6592164047224,69673.67216599389
20,3538.8127000838763,68044.08948912511
21,3680.5712198528868,66411.11184834618
22,3818.9277028702745,64774.732170815616
23,3953.8750615594736,63134.94336895687
24,4085.4061935781338,61491.73834042758
25,4213.513981787358,59845.10996808886
26,4338.191294220876,58195.05111997443
27,4459.430984054156,56541.554649259764
28,4577.225889573448,54884.613394231106
29,4691.568834144762,53224.22017825447
30,4802.452626182792,51560.36780974456
31,4909.87005911976,49893.049082133584
32,5013.813911374205,48222.25677384008
33,5114.2769463197055,46547.98364823764
34,5211.251912253534,44870.22245362352
35,5304.73154236525,43188.965923187294
36,5394.708554705224,41504.20677497932
37,5481.175652153097,39815.93771187925
38,5564.125522386179,38124.151421564384
39,5643.550837847772,36428.84057647803
40,5719.444255715434,34729.99783379775
41,5791.7984178691795,33027.61583540355
42,5860.605950859604,31321.68720784603
43,5925.859465875949,29612.20456231443
44,5987.551558714104,27899.16049460464
45,6045.674809744531,26182.54758508712
46,6100.221783880129,24462.358398674773
47,6151.185030544035,22738.585484790732
48,6198.557083637349,21011.2213773361
49,6242.330461506799,19280.258594657604
50,6282.497666912336,17545.689639515196
51,6319.0511869946595,15807.506999049574
52,6351.983493242679,14065.703144749648
53,6381.287041460908,12320.27053241993
54,6406.954271736783,10571.20160214786
55,6428.977608407925,8818.488778271056
56,6447.3494600293225,7062.124469344508
57,6462.062219340457,5302.101068107697
58,6473.108263232348,3538.410951451643
59,6480.479952714539,1771.046480385889
60,6484.169632882009,5.414609205445231e-09
61,6484.16963288202,0.00
